Workbook

Sheet Ульчский язык
A1: Ульчский язык
A2: Количество владеющих: десятки человек
A3: Количество изучающих: десятки человек
A4: Есть пробные версии орфографии (напечатаны отдельные книги и учебники)
A6: keyNames:
A7: space: | B7: Алда | C7: Пробел
A8: return: | B8: Нирухэ | C8: Ввод
A9: return-alts:
A10: search: | B10: Бакаву | C10: Найти
A11: go: | B11: Ӈэнэву | C11: Перейти
A12: send: | B12: Уйдюву | C12: Отправить
A13: join: | C13: Подкл.
A14: continue: | B14: Тара | C14: Продолжить
A15: done: | B15: Тахамби | C15: Готово
A16: next: | B16: Тапи | C16: Далее
A17: route: | B17: Поктола | C17: Маршрут
A18: emergency: | B18: SOS | C18: SOS
A19: cancel: | B19: Эд'и | C19: Отменить
A20: undo: | B20: Эд'и та̄ | C20: Не применять
A21: redo: | B21: Такуву | C21: Повторить

Sheet Brief
A1: 3-row layout + Long Press | M1: 4-row layout
B2: 1 | C2: 2 | D2: 3 | E2: 4 | F2: 5 | G2: 6 | H2: 7 | I2: 8 | J2: 9 | K2: 10 | N2: 1 | O2: 2 | P2: 3 | Q2: 4 | R2: 5 | S2: 6 | T2: 7 | U2: 8 | V2: 9 | W2: 10
A3: Top | B3: Х | C3: Р | D3: Й | E3: К | F3: П | G3: Т | H3: Ч | I3: И | J3: Э | K3: У | M3: Head | N3: Ш | O3: Ь | P3: Ж | Q3: Ц | R3: Ф | S3: З | T3: Ё | U3: Ы | V3: Я | W3: Ю
A4: Middle | B4: С | C4: Л | D4: В | E4: Г | F4: Б | G4: Д | H4: Д’ | I4: Е | J4: А | K4: О | M4: Top | N4: Х | O4: Р | P4: Й | Q4: К | R4: П | S4: Т | T4: Ч | U4: И | V4: Э | W4: У
A5: Bottom | B5: , | C5: . | D5: Ӈ | E5: М | F5: Н | G5: Н’ | H5: ’ | I5: ̄ | M5: Middle | N5: С | O5: Л | P5: В | Q5: Г | R5: Б | S5: Д | T5: Д’ | U5: Е | V5: А | W5: О
M6: Bottom | N6: , | O6: . | P6: Ӈ | Q6: М | R6: Н | S6: Н’ | T6: ’ | U6: ̄
B8: Longpress | M8: Longpress
B9: 1 | C9: 2 | D9: 3 | E9: 4 | F9: 5 | G9: 6 | H9: 7 | I9: 8 | J9: 9 | K9: 10 | N9: 1 | O9: 2 | P9: 3 | Q9: 4 | R9: 5 | S9: 6 | T9: 7 | U9: 8 | V9: 9 | W9: 10
A10: Top | B10: Ӽ | C10: Ь | E10: Ӄ | F10: Ф | H10: Ц | I10: Ы | K10: Ю | M10: Head | N10: Щ | O10: Ъ | T10: Ё̄ | V10: Я̄ | W10: Ю̄
A11: Middle | B11: Ш | C11: Щ | E11: Ҕ | F11: Ъ | J11: Я | K11: Ё | M11: Top | N11: Ӽ | Q11: Ӄ | U11: Ӣ | V11: Э̄ | W11: Ӯ
A12: Bottom | B12: ? | C12: ! | D12: З | E12: Ж | H12: : | I12: - | M12: Middle | Q12: Ҕ | U12: Е̄ | V12: А̄ | W12: О̄
M13: Bottom | N13: ? | O13: ! | T13: : | U13: -

Sheet Base Layout
A1: Row | B1: Position | C1: Base Symbol | D1: Codepoint | F1: Codepoint
A2: Top | B2: 1 | C2: ='все символы'!A1 -> Х | D2: ='все символы'!B1 -> U+0425 | E2: ='все символы'!C1 -> х | F2: ='все символы'!D1 -> U+0445
A3: Top | B3: 2 | C3: ='все символы'!A3 -> Р | D3: ='все символы'!B3 -> U+0420 | E3: ='все символы'!C3 -> р | F3: ='все символы'!D3 -> U+0440 | H3: =Brief!A2 | I3: =Brief!B2 -> 1 | J3: =Brief!C2 -> 2 | K3: =Brief!D2 -> 3 | L3: =Brief!E2 -> 4 | M3: =Brief!F2 -> 5 | N3: =Brief!G2 -> 6 | O3: =Brief!H2 -> 7 | ... S3: =Brief!L2
A4: Top | B4: 3 | C4: ='все символы'!A5 -> Й | D4: ='все символы'!B5 -> U+0419 | E4: ='все символы'!C5 -> й | F4: ='все символы'!D5 -> U+0439 | H4: =Brief!A3 -> Top | I4: =Brief!B3 -> Х | J4: =Brief!C3 -> Р | K4: =Brief!D3 -> Й | L4: =Brief!E3 -> К | M4: =Brief!F3 -> П | N4: =Brief!G3 -> Т | O4: =Brief!H3 -> Ч | ... R4: =Brief!K3 -> У
A5: Top | B5: 4 | C5: ='все символы'!E1 -> К | D5: ='все символы'!F1 -> U+041A | E5: ='все символы'!G1 -> к | F5: ='все символы'!H1 -> U+043A | H5: =Brief!A4 -> Middle | I5: =Brief!B4 -> С | J5: =Brief!C4 -> Л | K5: =Brief!D4 -> В | L5: =Brief!E4 -> Г | M5: =Brief!F4 -> Б | N5: =Brief!G4 -> Д | O5: =Brief!H4 -> Д’ | ... R5: =Brief!K4 -> О
A6: Top | B6: 5 | C6: ='все символы'!E10 -> П | D6: ='все символы'!F10 -> U+041F | E6: ='все символы'!G10 -> п | F6: ='все символы'!H10 -> U+043F | H6: =Brief!A5 -> Bottom | I6: =Brief!B5 -> , | J6: =Brief!C5 -> . | K6: =Brief!D5 -> Ӈ | L6: =Brief!E5 -> М | M6: =Brief!F5 -> Н | N6: =Brief!G5 -> Н’ | O6: =Brief!H5 -> ’ | ... R6: =Brief!K5
A7: Top | B7: 6 | C7: ='все символы'!E13 -> Т | D7: ='все символы'!F13 -> U+0422 | E7: ='все символы'!G13 -> т | F7: ='все символы'!H13 -> U+0442
A8: Top | B8: 7 | C8: ='все символы'!E19 -> Ч | D8: ='все символы'!F19 -> U+0427 | E8: ='все символы'!G19 -> ч | F8: ='все символы'!H19 -> U+0447
A9: Top | B9: 8 | C9: ='все символы'!I3 -> И | D9: ='все символы'!J3 -> U+0418 | E9: ='все символы'!K3 -> и | F9: ='все символы'!L3 -> U+0438
A10: Top | B10: 9 | C10: ='все символы'!I4 -> Э | D10: ='все символы'!J4 -> U+042D | E10: ='все символы'!K4 -> э | F10: ='все символы'!L4 -> U+044D
A11: Top | B11: 10 | C11: ='все символы'!I5 -> У | D11: ='все символы'!J5 -> U+0423 | E11: ='все символы'!K5 -> у | F11: ='все символы'!L5 -> U+0443
A12: Middle | B12: 1 | C12: ='все символы'!A2 -> С | D12: ='все символы'!B2 -> U+0421 | E12: ='все символы'!C2 -> с | F12: ='все символы'!D2 -> U+0441
A13: Middle | B13: 2 | C13: ='все символы'!A4 -> Л | D13: ='все символы'!B4 -> U+041B | E13: ='все символы'!C4 -> л | F13: ='все символы'!D4 -> U+043B
A14: Middle | B14: 3 | C14: ='все символы'!A6 -> В | D14: ='все символы'!B6 -> U+0412 | E14: ='все символы'!C6 -> в | F14: ='все символы'!D6 -> U+0432
A15: Middle | B15: 4 | C15: ='все символы'!E2 -> Г | D15: ='все символы'!F2 -> U+0413 | E15: ='все символы'!G2 -> г | F15: ='все символы'!H2 -> U+0433
A16: Middle | B16: 5 | C16: ='все символы'!E11 -> Б | D16: ='все символы'!F11 -> U+0411 | E16: ='все символы'!G11 -> б | F16: ='все символы'!H11 -> U+0431
A17: Middle | B17: 6 | C17: ='все символы'!E14 -> Д | D17: ='все символы'!F14 -> U+0414 | E17: ='все символы'!G14 -> д | F17: ='все символы'!H14 -> U+0434
A18: Middle | B18: 7 | C18: Д’ | D18: ='все символы'!F14 & " + " & 'все символы'!R9 -> U+0414 + U+02BC | E18: д’ | F18: ='все символы'!H14 & " + " & 'все символы'!R9 -> U+0434 + U+02BC
A19: Middle | B19: 8 | C19: ='все символы'!I10 -> Е | D19: ='все символы'!J10 -> U+0415 | E19: ='все символы'!K10 -> е | F19: ='все символы'!L10 -> U+0435
A20: Middle | B20: 9 | C20: ='все символы'!I1 -> А | D20: ='все символы'!J1 -> U+0410 | E20: ='все символы'!K1 -> а | F20: ='все символы'!L1 -> U+0430
A21: Middle | B21: 10 | C21: ='все символы'!I2 -> О | D21: ='все символы'!J2 -> U+041E | E21: ='все символы'!K2 -> о | F21: ='все символы'!L2 -> U+043E
A22: Bottom | B22: 1 | C22: ='все символы'!Q1 -> , | D22: ='все символы'!R1 -> U+002C | E22: =C22 -> , | F22: =D22 -> U+002C
A23: Bottom | B23: 2 | C23: ='все символы'!Q2 -> . | D23: ='все символы'!R2 -> U+002E | E23: =C23 -> . | F23: =D23 -> U+002E
A24: Bottom | B24: 3 | C24: ='все символы'!E3 -> Ӈ | D24: ='все символы'!F3 -> U+04CB | E24: ='все символы'!G3 -> ӈ | F24: ='все символы'!H3 -> U+04CC
A25: Bottom | B25: 4 | C25: ='все символы'!E12 -> М | D25: ='все символы'!F12 -> U+041C | E25: ='все символы'!G12 -> м | F25: ='все символы'!H12 -> U+043C
A26: Bottom | B26: 5 | C26: ='все символы'!E15 -> Н | D26: ='все символы'!F15 -> U+041D | E26: ='все символы'!G15 -> н | F26: ='все символы'!H15 -> U+043D
A27: Bottom | B27: 6 | C27: Н’ | D27: ='все символы'!F15 & " + " &'все символы'!R9 -> U+041D + U+02BC | E27: н’ | F27: ='все символы'!H15 & " + " &'все символы'!R9 -> U+043D + U+02BC
A28: Bottom | B28: 7 | C28: ='все символы'!Q9 -> ’ | D28: ='все символы'!R9 -> U+02BC | E28: =C28 -> ’ | F28: =D28 -> U+02BC
A29: Bottom | B29: 8 | C29: ='все символы'!Q5 -> ̄ | D29: ='все символы'!R5 -> U+0304 | E29: =C29 -> ̄ | F29: =D29 -> U+0304

Sheet Long Press
A1: Row | B1: Position | C1: Base Symbol | D1: Codepoint | F1: Codepoint
A2: Top | B2: 1 | C2: ='все символы'!E6 -> Ӽ | D2: ='все символы'!F6 -> U+04FC | E2: ='все символы'!G6 -> ӽ | F2: ='все символы'!H6 -> U+04FD
A3: Top | B3: 2 | C3: ='все символы'!A17 -> Ь | D3: ='все символы'!B17 -> U+042C | E3: ='все символы'!C17 -> ь | F3: ='все символы'!D17 -> U+044C | H3: =Brief!A9 | I3: =Brief!B9 -> 1 | J3: =Brief!C9 -> 2 | K3: =Brief!D9 -> 3 | L3: =Brief!E9 -> 4 | M3: =Brief!F9 -> 5 | N3: =Brief!G9 -> 6 | O3: =Brief!H9 -> 7 | ... R3: =Brief!K9 -> 10
A4: Top | B4: 3 | H4: =Brief!A10 -> Top | I4: =Brief!B10 -> Ӽ | J4: =Brief!C10 -> Ь | K4: =Brief!D10 | L4: =Brief!E10 -> Ӄ | M4: =Brief!F10 -> Ф | N4: =Brief!G10 | O4: =Brief!H10 -> Ц | ... R4: =Brief!K10 -> Ю
A5: Top | B5: 4 | C5: ='все символы'!E4 -> Ӄ | D5: ='все символы'!F4 -> U+04C3 | E5: ='все символы'!G4 -> ӄ | F5: ='все символы'!H4 -> U+04C4 | H5: =Brief!A11 -> Middle | I5: =Brief!B11 -> Ш | J5: =Brief!C11 -> Щ | K5: =Brief!D11 | L5: =Brief!E11 -> Ҕ | M5: =Brief!F11 -> Ъ | N5: =Brief!G11 | O5: =Brief!H11 | ... R5: =Brief!K11 -> Ё
A6: Top | B6: 5 | C6: ='все символы'!A13 -> Ф | D6: ='все символы'!B13 -> U+0424 | E6: ='все символы'!C13 -> ф | F6: ='все символы'!D13 -> U+0444 | H6: =Brief!A12 -> Bottom | I6: =Brief!B12 -> ? | J6: =Brief!C12 -> ! | K6: =Brief!D12 -> З | L6: =Brief!E12 -> Ж | M6: =Brief!F12 | N6: =Brief!G12 | O6: =Brief!H12 -> : | ... R6: =Brief!K12
A7: Top | B7: 6 | H7: =Brief!A13 | I7: =Brief!B13 | J7: =Brief!C13 | K7: =Brief!D13 | L7: =Brief!E13 | M7: =Brief!F13 | N7: =Brief!G13 | O7: =Brief!H13 | ... R7: =Brief!K13
A8: Top | B8: 7 | C8: ='все символы'!A14 -> Ц | D8: ='все символы'!B14 -> U+0426 | E8: ='все символы'!C14 -> ц | F8: ='все символы'!D14 -> U+0446
A9: Top | B9: 8 | C9: ='все символы'!I12 -> Ы | D9: ='все символы'!J12 -> U+042B | E9: ='все символы'!K12 -> ы | F9: ='все символы'!L12 -> U+044B
A10: Top | B10: 9
A11: Top | B11: 10 | C11: ='все символы'!I11 -> Ю | D11: ='все символы'!J11 -> U+042E | E11: ='все символы'!K11 -> ю | F11: ='все символы'!L11 -> U+044E
A12: Middle | B12: 1 | C12: ='все символы'!A15 -> Ш | D12: ='все символы'!B15 -> U+0428 | E12: ='все символы'!C15 -> ш | F12: ='все символы'!D15 -> U+0448
A13: Middle | B13: 2 | C13: ='все символы'!A16 -> Щ | D13: ='все символы'!B16 -> U+0429 | E13: ='все символы'!C16 -> щ | F13: ='все символы'!D16 -> U+0449
A14: Middle | B14: 3
A15: Middle | B15: 4 | C15: ='все символы'!E5 -> Ҕ | D15: ='все символы'!F5 -> U+0494 | E15: ='все символы'!G5 -> ҕ | F15: ='все символы'!H5 -> U+0495
A16: Middle | B16: 5 | C16: ='все символы'!A18 -> Ъ | D16: ='все символы'!B18 -> U+042A | E16: ='все символы'!C18 -> ъ | F16: ='все символы'!D18 -> U+044A
A17: Middle | B17: 6
A18: Middle | B18: 7
A19: Middle | B19: 8
A20: Middle | B20: 9 | C20: ='все символы'!I8 -> Я | D20: ='все символы'!J8 -> U+042F | E20: ='все символы'!K8 -> я | F20: ='все символы'!L8 -> U+044F
A21: Middle | B21: 10 | C21: ='все символы'!I9 -> Ё | D21: ='все символы'!J9 -> U+0401 | E21: ='все символы'!K9 -> ё | F21: ='все символы'!L9 -> U+0451
A22: Bottom | B22: 1 | C22: ='все символы'!Q3 -> ? | D22: ='все символы'!R3 -> U+003F | E22: =C22 -> ? | F22: =D22 -> U+003F
A23: Bottom | B23: 2 | C23: ='все символы'!Q4 -> ! | D23: ='все символы'!R4 -> U+0021 | E23: =C23 -> ! | F23: =D23 -> U+0021
A24: Bottom | B24: 3 | C24: ='все символы'!A12 -> З | D24: ='все символы'!B12 -> U+0417 | E24: ='все символы'!C12 -> з | F24: ='все символы'!D12 -> U+0437
A25: Bottom | B25: 4 | C25: ='все символы'!A11 -> Ж | D25: ='все символы'!B11 -> U+0416 | E25: ='все символы'!C11 -> ж | F25: ='все символы'!D11 -> U+0436
A26: Bottom | B26: 5
A27: Bottom | B27: 6
A28: Bottom | B28: 7 | C28: ='все символы'!Q11 -> : | D28: ='все символы'!R11 -> U+003A | E28: =C28 -> : | F28: =D28 -> U+003A
A29: Bottom | B29: 8 | C29: ='все символы'!Q6 -> - | D29: ='все символы'!R6 -> U+002D | E29: =C29 -> - | F29: =D29 -> U+002D

Sheet 4-row layout
A1: Row | B1: Position | C1: Base Symbol | D1: Codepoint | F1: Codepoint
A2: Head | B2: 1 | C2: ='все символы'!A15 -> Ш | D2: ='все символы'!B15 -> U+0428 | E2: ='все символы'!C15 -> ш | F2: ='все символы'!D15 -> U+0448
A3: Head | B3: 2 | C3: ='все символы'!A17 -> Ь | D3: ='все символы'!B17 -> U+042C | E3: ='все символы'!C17 -> ь | F3: ='все символы'!D17 -> U+044C
A4: Head | B4: 3 | C4: ='все символы'!A11 -> Ж | D4: ='все символы'!B11 -> U+0416 | E4: ='все символы'!C11 -> ж | F4: ='все символы'!D11 -> U+0436
A5: Head | B5: 4 | C5: ='все символы'!A14 -> Ц | D5: ='все символы'!B14 -> U+0426 | E5: ='все символы'!C14 -> ц | F5: ='все символы'!D14 -> U+0446
A6: Head | B6: 5 | C6: ='все символы'!A13 -> Ф | D6: ='все символы'!B13 -> U+0424 | E6: ='все символы'!C13 -> ф | F6: ='все символы'!D13 -> U+0444
A7: Head | B7: 6 | C7: ='все символы'!A12 -> З | D7: ='все символы'!B12 -> U+0417 | E7: ='все символы'!C12 -> з | F7: ='все символы'!D12 -> U+0437
A8: Head | B8: 7 | C8: ='все символы'!I9 -> Ё | D8: ='все символы'!J9 -> U+0401 | E8: ='все символы'!K9 -> ё | F8: ='все символы'!L9 -> U+0451
A9: Head | B9: 8 | C9: ='все символы'!I12 -> Ы | D9: ='все символы'!J12 -> U+042B | E9: ='все символы'!K12 -> ы | F9: ='все символы'!L12 -> U+044B
A10: Head | B10: 9 | C10: ='все символы'!I8 -> Я | D10: ='все символы'!J8 -> U+042F | E10: ='все символы'!K8 -> я | F10: ='все символы'!L8 -> U+044F
A11: Head | B11: 10 | C11: ='все символы'!I11 -> Ю | D11: ='все символы'!J11 -> U+042E | E11: ='все символы'!K11 -> ю | F11: ='все символы'!L11 -> U+044E
A12: Top | B12: 1 | C12: ='все символы'!A1 -> Х | D12: ='все символы'!B1 -> U+0425 | E12: ='все символы'!C1 -> х | F12: ='все символы'!D1 -> U+0445
A13: Top | B13: 2 | C13: ='все символы'!A3 -> Р | D13: ='все символы'!B3 -> U+0420 | E13: ='все символы'!C3 -> р | F13: ='все символы'!D3 -> U+0440
A14: Top | B14: 3 | C14: ='все символы'!A5 -> Й | D14: ='все символы'!B5 -> U+0419 | E14: ='все символы'!C5 -> й | F14: ='все символы'!D5 -> U+0439
A15: Top | B15: 4 | C15: ='все символы'!E1 -> К | D15: ='все символы'!F1 -> U+041A | E15: ='все символы'!G1 -> к | F15: ='все символы'!H1 -> U+043A
A16: Top | B16: 5 | C16: ='все символы'!E10 -> П | D16: ='все символы'!F10 -> U+041F | E16: ='все символы'!G10 -> п | F16: ='все символы'!H10 -> U+043F
A17: Top | B17: 6 | C17: ='все символы'!E13 -> Т | D17: ='все символы'!F13 -> U+0422 | E17: ='все символы'!G13 -> т | F17: ='все символы'!H13 -> U+0442
A18: Top | B18: 7 | C18: ='все символы'!E19 -> Ч | D18: ='все символы'!F19 -> U+0427 | E18: ='все символы'!G19 -> ч | F18: ='все символы'!H19 -> U+0447
A19: Top | B19: 8 | C19: ='все символы'!I3 -> И | D19: ='все символы'!J3 -> U+0418 | E19: ='все символы'!K3 -> и | F19: ='все символы'!L3 -> U+0438 | I19: =Brief!M2 | J19: =Brief!N2 -> 1 | K19: =Brief!O2 -> 2 | L19: =Brief!P2 -> 3 | M19: =Brief!Q2 -> 4 | N19: =Brief!R2 -> 5 | O19: =Brief!S2 -> 6 | P19: =Brief!T2 -> 7 | ... S19: =Brief!W2 -> 10
A20: Top | B20: 9 | C20: ='все символы'!I4 -> Э | D20: ='все символы'!J4 -> U+042D | E20: ='все символы'!K4 -> э | F20: ='все символы'!L4 -> U+044D | I20: =Brief!M3 -> Head | J20: =Brief!N3 -> Ш | K20: =Brief!O3 -> Ь | L20: =Brief!P3 -> Ж | M20: =Brief!Q3 -> Ц | N20: =Brief!R3 -> Ф | O20: =Brief!S3 -> З | P20: =Brief!T3 -> Ё | ... S20: =Brief!W3 -> Ю
A21: Top | B21: 10 | C21: ='все символы'!I5 -> У | D21: ='все символы'!J5 -> U+0423 | E21: ='все символы'!K5 -> у | F21: ='все символы'!L5 -> U+0443 | I21: =Brief!M4 -> Top | J21: =Brief!N4 -> Х | K21: =Brief!O4 -> Р | L21: =Brief!P4 -> Й | M21: =Brief!Q4 -> К | N21: =Brief!R4 -> П | O21: =Brief!S4 -> Т | P21: =Brief!T4 -> Ч | ... S21: =Brief!W4 -> У
A22: Middle | B22: 1 | C22: ='все символы'!A2 -> С | D22: ='все символы'!B2 -> U+0421 | E22: ='все символы'!C2 -> с | F22: ='все символы'!D2 -> U+0441 | I22: =Brief!M5 -> Middle | J22: =Brief!N5 -> С | K22: =Brief!O5 -> Л | L22: =Brief!P5 -> В | M22: =Brief!Q5 -> Г | N22: =Brief!R5 -> Б | O22: =Brief!S5 -> Д | P22: =Brief!T5 -> Д’ | ... S22: =Brief!W5 -> О
A23: Middle | B23: 2 | C23: ='все символы'!A4 -> Л | D23: ='все символы'!B4 -> U+041B | E23: ='все символы'!C4 -> л | F23: ='все символы'!D4 -> U+043B | I23: =Brief!M6 -> Bottom | J23: =Brief!N6 -> , | K23: =Brief!O6 -> . | L23: =Brief!P6 -> Ӈ | M23: =Brief!Q6 -> М | N23: =Brief!R6 -> Н | O23: =Brief!S6 -> Н’ | P23: =Brief!T6 -> ’ | ... S23: =Brief!W6
A24: Middle | B24: 3 | C24: ='все символы'!A6 -> В | D24: ='все символы'!B6 -> U+0412 | E24: ='все символы'!C6 -> в | F24: ='все символы'!D6 -> U+0432
A25: Middle | B25: 4 | C25: ='все символы'!E2 -> Г | D25: ='все символы'!F2 -> U+0413 | E25: ='все символы'!G2 -> г | F25: ='все символы'!H2 -> U+0433
A26: Middle | B26: 5 | C26: ='все символы'!E11 -> Б | D26: ='все символы'!F11 -> U+0411 | E26: ='все символы'!G11 -> б | F26: ='все символы'!H11 -> U+0431
A27: Middle | B27: 6 | C27: ='все символы'!E14 -> Д | D27: ='все символы'!F14 -> U+0414 | E27: ='все символы'!G14 -> д | F27: ='все символы'!H14 -> U+0434 | J27: Ш | K27: Ь | L27: Ж | M27: З | N27: Ы | O27: Я | P27: Ё | Q27: Е | R27: Ю
A28: Middle | B28: 7 | C28: ='все символы'!E14 &'все символы'!$Q$9 -> Д’ | D28: ='все символы'!F14 & " + " &'все символы'!$R$9 -> U+0414 + U+02BC | E28: ='все символы'!G14 &'все символы'!$Q$9 -> д’ | F28: ='все символы'!H14 & " + " &'все символы'!$R$9 -> U+0434 + U+02BC | J28: Х | K28: Р | L28: Й | M28: К | N28: П | O28: Т | P28: Ч | Q28: Э | R28: У
A29: Middle | B29: 8 | C29: ='все символы'!I10 -> Е | D29: ='все символы'!J10 -> U+0415 | E29: ='все символы'!K10 -> е | F29: ='все символы'!L10 -> U+0435 | J29: С | K29: Л | L29: В | M29: Г | N29: Б | O29: Д | P29: И | Q29: А | R29: О
A30: Middle | B30: 9 | C30: ='все символы'!I1 -> А | D30: ='все символы'!J1 -> U+0410 | E30: ='все символы'!K1 -> а | F30: ='все символы'!L1 -> U+0430 | J30: , | K30: . | L30: Ӈ | M30: М | N30: Н | O30: ’ | P30: ̄
A31: Middle | B31: 10 | C31: ='все символы'!I2 -> О | D31: ='все символы'!J2 -> U+041E | E31: ='все символы'!K2 -> о | F31: ='все символы'!L2 -> U+043E
A32: Bottom | B32: 1 | C32: ='все символы'!Q1 -> , | D32: ='все символы'!R1 -> U+002C | E32: =C32 -> , | F32: =D32 -> U+002C
A33: Bottom | B33: 2 | C33: ='все символы'!Q2 -> . | D33: ='все символы'!R2 -> U+002E | E33: =C33 -> . | F33: =D33 -> U+002E
A34: Bottom | B34: 3 | C34: ='все символы'!E3 -> Ӈ | D34: ='все символы'!F3 -> U+04CB | E34: ='все символы'!G3 -> ӈ | F34: ='все символы'!H3 -> U+04CC
A35: Bottom | B35: 4 | C35: ='все символы'!E12 -> М | D35: ='все символы'!F12 -> U+041C | E35: ='все символы'!G12 -> м | F35: ='все символы'!H12 -> U+043C
A36: Bottom | B36: 5 | C36: ='все символы'!E15 -> Н | D36: ='все символы'!F15 -> U+041D | E36: ='все символы'!G15 -> н | F36: ='все символы'!H15 -> U+043D
A37: Bottom | B37: 6 | C37: ='все символы'!E15 & 'все символы'!Q9 -> Н’ | D37: ='все символы'!F15 & " + " & 'все символы'!R9 -> U+041D + U+02BC | E37: ='все символы'!G15 & 'все символы'!Q9 -> н’ | F37: ='все символы'!H15 & 'все символы'!R9 -> U+043DU+02BC
A38: Bottom | B38: 7 | C38: ='все символы'!Q9 -> ’ | D38: ='все символы'!R9 -> U+02BC | E38: =C38 -> ’ | F38: =D38 -> U+02BC
A39: Bottom | B39: 8 | C39: ='все символы'!Q5 -> ̄ | D39: ='все символы'!R5 -> U+0304 | E39: =C39 -> ̄ | F39: =D39 -> U+0304

Sheet Long Press 4-row layout
A1: Row | B1: Position | C1: Base Symbol | D1: Codepoint | F1: Codepoint
A2: Head | B2: 1 | C2: ='все символы'!A16 -> Щ | D2: ='все символы'!B16 -> U+0429 | E2: ='все символы'!C16 -> щ | F2: ='все символы'!D16 -> U+0449
A3: Head | B3: 2 | C3: ='все символы'!A18 -> Ъ | D3: ='все символы'!B18 -> U+042A | E3: ='все символы'!C18 -> ъ | F3: ='все символы'!D18 -> U+044A
A4: Head | B4: 3
A5: Head | B5: 4
A6: Head | B6: 5
A7: Head | B7: 6
A8: Head | B8: 7 | C8: ='все символы'!M9 -> Ё̄ | D8: ='все символы'!N9 -> U+0401 + U+0304 | E8: ='все символы'!O9 -> ё̄ | F8: ='все символы'!P9 -> U+0451 + U+0304
A9: Head | B9: 8
A10: Head | B10: 9 | C10: ='все символы'!M8 -> Я̄ | D10: ='все символы'!N8 -> U+042F + U+0304 | E10: ='все символы'!O8 -> я̄ | F10: ='все символы'!P8 -> U+044F + U+0304
A11: Head | B11: 10 | C11: ='все символы'!M11 -> Ю̄ | D11: ='все символы'!N11 -> U+042E + U+0304 | E11: ='все символы'!O11 -> ю̄ | F11: ='все символы'!P11 -> U+044E + U+0304
A12: Top | B12: 1 | C12: ='все символы'!E6 -> Ӽ | D12: ='все символы'!F6 -> U+04FC | E12: ='все символы'!G6 -> ӽ | F12: ='все символы'!H6 -> U+04FD
A13: Top | B13: 2
A14: Top | B14: 3
A15: Top | B15: 4 | C15: ='все символы'!E4 -> Ӄ | D15: ='все символы'!F4 -> U+04C3 | E15: ='все символы'!G4 -> ӄ | F15: ='все символы'!H4 -> U+04C4
A16: Top | B16: 5
A17: Top | B17: 6
A18: Top | B18: 7
A19: Top | B19: 8 | C19: ='все символы'!M3 -> Ӣ | D19: ='все символы'!N3 -> U+0418 + U+0304 | E19: ='все символы'!O3 -> ӣ | F19: ='все символы'!P3 -> U+0438 + U+0304 | H19: =Brief!M9 | I19: =Brief!N9 -> 1 | J19: =Brief!O9 -> 2 | K19: =Brief!P9 -> 3 | L19: =Brief!Q9 -> 4 | M19: =Brief!R9 -> 5 | N19: =Brief!S9 -> 6 | O19: =Brief!T9 -> 7 | ... R19: =Brief!W9 -> 10
A20: Top | B20: 9 | C20: ='все символы'!M4 -> Э̄ | D20: ='все символы'!N4 -> U+042D + U+0304 | E20: ='все символы'!O4 -> э̄ | F20: ='все символы'!P4 -> U+044D + U+0304 | H20: =Brief!M10 -> Head | I20: =Brief!N10 -> Щ | J20: =Brief!O10 -> Ъ | K20: =Brief!P10 | L20: =Brief!Q10 | M20: =Brief!R10 | N20: =Brief!S10 | O20: =Brief!T10 -> Ё̄ | ... R20: =Brief!W10 -> Ю̄
A21: Top | B21: 10 | C21: ='все символы'!M5 -> Ӯ | D21: ='все символы'!N5 -> U+0423 + U+0304 | E21: ='все символы'!O5 -> ӯ | F21: ='все символы'!P5 -> U+0443 + U+0304 | H21: =Brief!M11 -> Top | I21: =Brief!N11 -> Ӽ | J21: =Brief!O11 | K21: =Brief!P11 | L21: =Brief!Q11 -> Ӄ | M21: =Brief!R11 | N21: =Brief!S11 | O21: =Brief!T11 | ... R21: =Brief!W11 -> Ӯ
A22: Middle | B22: 1 | H22: =Brief!M12 -> Middle | I22: =Brief!N12 | J22: =Brief!O12 | K22: =Brief!P12 | L22: =Brief!Q12 -> Ҕ | M22: =Brief!R12 | N22: =Brief!S12 | O22: =Brief!T12 | ... R22: =Brief!W12 -> О̄
A23: Middle | B23: 2 | H23: =Brief!M13 -> Bottom | I23: =Brief!N13 -> ? | J23: =Brief!O13 -> ! | K23: =Brief!P13 | L23: =Brief!Q13 | M23: =Brief!R13 | N23: =Brief!S13 | O23: =Brief!T13 -> : | ... R23: =Brief!W13
A24: Middle | B24: 3
A25: Middle | B25: 4 | C25: ='все символы'!E5 -> Ҕ | D25: ='все символы'!F5 -> U+0494 | E25: ='все символы'!G5 -> ҕ | F25: ='все символы'!H5 -> U+0495
A26: Middle | B26: 5
A27: Middle | B27: 6
A28: Middle | B28: 7
A29: Middle | B29: 8 | C29: ='все символы'!M10 -> Е̄ | D29: ='все символы'!N10 -> U+0415 + U+0304 | E29: ='все символы'!O10 -> е̄ | F29: ='все символы'!P10 -> U+0435 + U+0304
A30: Middle | B30: 9 | C30: ='все символы'!M1 -> А̄ | D30: ='все символы'!N1 -> U+0410 + U+0304 | E30: ='все символы'!O1 -> а̄ | F30: ='все символы'!P1 -> U+0430 + U+0304 | I30: Щ | J30: Ъ | L30: Ǯ | M30: І̄ | N30: Я̄ | O30: Ё̄ | P30: Е̄ | Q30: Ю̄
A31: Middle | B31: 10 | C31: ='все символы'!M2 -> О̄ | D31: ='все символы'!N2 -> U+041E + U+0304 | E31: ='все символы'!O2 -> о̄ | F31: ='все символы'!P2 -> U+043E + U+0304 | I31: Ӽ | K31: ͜ | L31: Ӄ | M31: Ф | N31: І | O31: Ц | P31: Э̄ | Q31: Ӯ
A32: Bottom | B32: 1 | C32: ='все символы'!Q3 -> ? | D32: ='все символы'!R3 -> U+003F | E32: =C32 -> ? | F32: =D32 -> U+003F | K32: Ў | L32: Ҕ | N32: Ӡ | O32: Ӣ | P32: А̄ | Q32: О̄
A33: Bottom | B33: 2 | C33: ='все символы'!Q4 -> ! | D33: ='все символы'!R4 -> U+0021 | E33: =C33 -> ! | F33: =D33 -> U+0021 | I33: ? | J33: ! | M33: ᵸ | N33: : | O33: -
A34: Bottom | B34: 3
A35: Bottom | B35: 4
A36: Bottom | B36: 5
A37: Bottom | B37: 6
A38: Bottom | B38: 7 | C38: ='все символы'!Q11 -> : | D38: ='все символы'!R11 -> U+003A | E38: =C38 -> : | F38: =D38 -> U+003A
A39: Bottom | B39: 8 | C39: ='все символы'!Q6 -> - | D39: ='все символы'!R6 -> U+002D | E39: =C39 -> - | F39: =D39 -> U+002D

Sheet все символы
A1: Х | B1: U+0425 | C1: х | D1: U+0445 | E1: К | F1: U+041A | G1: к | H1: U+043A | I1: А | J1: U+0410 | K1: а | L1: U+0430 | M1: А̄ | N1: U+0410 + U+0304 | O1: а̄ | P1: U+0430 + U+0304 | Q1: , | R1: U+002C
A2: С | B2: U+0421 | C2: с | D2: U+0441 | E2: Г | F2: U+0413 | G2: г | H2: U+0433 | I2: О | J2: U+041E | K2: о | L2: U+043E | M2: О̄ | N2: U+041E + U+0304 | O2: о̄ | P2: U+043E + U+0304 | Q2: . | R2: U+002E
A3: Р | B3: U+0420 | C3: р | D3: U+0440 | E3: Ӈ | F3: U+04CB | G3: ӈ | H3: U+04CC | I3: И | J3: U+0418 | K3: и | L3: U+0438 | M3: Ӣ | N3: U+0418 + U+0304 | O3: ӣ | P3: U+0438 + U+0304 | Q3: ? | R3: U+003F
A4: Л | B4: U+041B | C4: л | D4: U+043B | E4: Ӄ | F4: U+04C3 | G4: ӄ | H4: U+04C4 | I4: Э | J4: U+042D | K4: э | L4: U+044D | M4: Э̄ | N4: U+042D + U+0304 | O4: э̄ | P4: U+044D + U+0304 | Q4: ! | R4: U+0021
A5: Й | B5: U+0419 | C5: й | D5: U+0439 | E5: Ҕ | F5: U+0494 | G5: ҕ | H5: U+0495 | I5: У | J5: U+0423 | K5: у | L5: U+0443 | M5: Ӯ | N5: U+0423 + U+0304 | O5: ӯ | P5: U+0443 + U+0304 | Q5: ̄ | R5: U+0304
A6: В | B6: U+0412 | C6: в | D6: U+0432 | E6: Ӽ | F6: U+04FC | G6: ӽ | H6: U+04FD | I6: Ө | J6: U+04E8 | K6: ө | L6: U+04E9 | M6: Ө̄ | N6: U+04E8 + U+0304 | O6: ө̄ | P6: U+04E9 + U+0304 | Q6: - | R6: U+002D
A7: Ў | B7: U+040E | C7: ў | D7: U+045E | E7: Ғ | F7: U+0492 | G7: ғ | H7: U+0493 | I7: І | J7: U+0406 | K7: і | L7: U+0456 | M7: І̄ | N7: U+0406 + U+0304 | O7: і̄ | P7: U+0456 + U+0304 | Q7: — | R7: U+2014
A8: J | B8: U+0408 | C8: ј | D8: U+0458 | E8: γ | F8: U+03B3 | I8: Я | J8: U+042F | K8: я | L8: U+044F | M8: Я̄ | N8: U+042F + U+0304 | O8: я̄ | P8: U+044F + U+0304 | Q8: ͜ | R8: U+035C
A9: W | B9: U+0057 | C9: w | D9: U+0077 | E9: ʰk | F9: U+02B0 + U+006B | I9: Ё | J9: U+0401 | K9: ё | L9: U+0451 | M9: Ё̄ | N9: U+0401 + U+0304 | O9: ё̄ | P9: U+0451 + U+0304 | Q9: ’ | R9: U+02BC
E10: П | F10: U+041F | G10: п | H10: U+043F | I10: Е | J10: U+0415 | K10: е | L10: U+0435 | M10: Е̄ | N10: U+0415 + U+0304 | O10: е̄ | P10: U+0435 + U+0304 | Q10: ‘ | R10: U+2018
A11: Ж | B11: U+0416 | C11: ж | D11: U+0436 | E11: Б | F11: U+0411 | G11: б | H11: U+0431 | I11: Ю | J11: U+042E | K11: ю | L11: U+044E | M11: Ю̄ | N11: U+042E + U+0304 | O11: ю̄ | P11: U+044E + U+0304 | Q11: : | R11: U+003A
A12: З | B12: U+0417 | C12: з | D12: U+0437 | E12: М | F12: U+041C | G12: м | H12: U+043C | I12: Ы | J12: U+042B | K12: ы | L12: U+044B
A13: Ф | B13: U+0424 | C13: ф | D13: U+0444 | E13: Т | F13: U+0422 | G13: т | H13: U+0442 | I13: Ә | J13: U+04D8 | K13: ә | L13: U+04D9
A14: Ц | B14: U+0426 | C14: ц | D14: U+0446 | E14: Д | F14: U+0414 | G14: д | H14: U+0434 | I14: Ӕ | J14: U+04D4 | K14: ӕ | L14: U+04D5
A15: Ш | B15: U+0428 | C15: ш | D15: U+0448 | E15: Н | F15: U+041D | G15: н | H15: U+043D
A16: Щ | B16: U+0429 | C16: щ | D16: U+0449 | E16: ᵸ | F16: U+1D78
A17: Ь | B17: U+042C | C17: ь | D17: U+044C | E17: Дʼ | F17: U+0414 + U+02BC | G17: дʼ | H17: U+0434 + U+02BC
A18: Ъ | B18: U+042A | C18: ъ | D18: U+044A | E18: Нʼ | F18: U+041D + U+02BC | G18: нʼ | H18: U+043D + U+02BC
E19: Ч | F19: U+0427 | G19: ч | H19: U+0447
E20: Ӡ | F20: U+04E0 | G20: ӡ | H20: U+04E1
E21: Њ | F21: U+040A | G21: њ | H21: U+045A
E22: Ǯ | F22: U+01EE | G22: ǯ | H22: U+01EF
E23: Ԩ | F23: U+0528 | G23: ԩ | H23: U+0529
